{
  "type": "panel",
  "name": "Bubble Chart",
  "id": "digrich-bubblechart-panel",
  "info": {
    "description": "Bubblechart panel",
    "author": {
      "name": "Digvijay<digvijay.rich@gmail.com>",
      "url": "https://github.com/digrich/"
    },
    "keywords": [
      "bubblechart",
      "panel"
    ],
    "logos": {
      "small": "img/BC.png",
      "large": "img/BC.png"
    },
    "links": [
      {
        "name": "Project site",
        "url": "https://github.com/digrich/bubblechart-panel"
      },
      {
        "name": "MIT License",
        "url": "https://github.com/digrich/bubblechart-panel/blob/master/LICENSE"
      }
    ],
    "screenshots": [
      {
        "name": "Showcase",
        "path": "img/BC.png"
      },
      {
        "name": "Options",
        "path": "img/BC_O1.png"
      }
    ],
    "version": "1.2.1",
    "updated": "2020-08-10"
  },
  "dependencies": {
    "grafanaDependency": "4.5.1",
    "plugins": []
  }
}